微博id,微博正文,原始图片url,微博视频url,发布位置,发布时间,发布工具,点赞数,转发数,评论数
Is0vE3buG,傻逼博主。  ,无,无,无,2020-01-31 11:06,iPhone客户端,1,0,0
IraINl9QF,我喜欢你，也喜欢她，和她。  ,无,无,无,2020-01-25 23:16,iPhone客户端,1,0,0
IqDi3xt2U,感冒，啥都不想弄，自暴自弃两天，早上学医的朋友找聊天说应该去医院做个什么血常规，在莫名恐惧下突然有了接着做毕设的动力。  原图 ,http://wx1.sinaimg.cn/large/006AKQqaly1gb547cek14j30p00xcn08.jpg,无,无,2020-01-22 10:09,iPhone客户端,3,0,6
IqmMfsM9N,艹 ，有没有人给我验验…  ,无,无,无,2020-01-20 16:07,微博 HTML5 版,0,0,4
Ipu5K9fBC,记住反思那句话。  ,无,无,无,2020-01-14 20:54,微博 HTML5 版,0,0,0
IptXkAx3V,变了，不像学生了。  ,无,无,无,2020-01-14 20:33,微博 HTML5 版,1,0,0
IphLXvjY0,等我到环县，我要把车站的牛肉拉面一顿暴吃，吃的它乌漆嘛黑，锃光瓦亮。  ,无,无,无,2020-01-13 13:32,微博 HTML5 版,0,0,8
IoZsSwDyX,艹，梦见被杀手追杀。  ,无,无,无,2020-01-11 14:56,微博 HTML5 版,1,0,0
IoXFPhgbx,都特么别来烦我。  ,无,无,无,2020-01-11 10:22,清晰拍畅快玩 魅蓝E3,2,0,0
IoR8Cd446,为了一双鞋就心态爆炸了，垃圾淘宝店。  ,无,无,无,2020-01-10 17:44,微博 HTML5 版,1,0,0
IoNC8fKHr,彭老师太好了吧，，，让我以为我做的系统好牛逼…  ,无,无,无,2020-01-10 08:46,微博 HTML5 版,0,0,0
IoILdt5UA,又到了情感极度丰富，对一切异性朋友心生杂念阶段。  ,无,无,无,2020-01-09 20:24,iPhone客户端,0,0,2
Iom3WphMR,脑残，为什么要说已经签了？北京他不香吗？  ,无,无,无,2020-01-07 10:37,微博 HTML5 版,1,0,2
IokSVqsD4,我不看月亮也不说想你，这样月亮和你，就都被蒙在鼓里。  ,无,无,无,2020-01-07 07:37,iPhone客户端,2,0,0
IoievhyD5,回宿舍本来要学习，结果洗了澡又饿了，买了猪蹄和辣条，看游戏直播，挑礼物，然后特么的睡不着了。  ,无,无,无,2020-01-07 00:52,微博 HTML5 版,2,0,2
Iofqj23QH,看手机的次数在变少。  ,无,无,无,2020-01-06 17:43,微博 HTML5 版,2,0,0
IoeuFnz9K,有空调太他母亲舒服了。  ,无,无,无,2020-01-06 15:21,iPhone客户端,1,0,0
Io4XGjNs1,我能拒绝和别人出去聚会，却拒绝不了玩手机。  ,无,无,无,2020-01-05 15:05,微博 HTML5 版,5,0,0
Io4PVyjUo,适当给自己制造压力。  ,无,无,无,2020-01-05 14:46,iPhone客户端,3,0,0
Io4PNggfj,有种知其然不知其所以然的羞耻感。  ,无,无,无,2020-01-05 14:46,iPhone客户端,2,0,0
InV7an0ec,贸然熬夜是一种找死行为。  ,无,无,无,2020-01-04 14:01,微博 HTML5 版,1,0,0
InM6Cc9QO,这几天晚上用流量看个直播能卡死，直接卡睡着。  ,无,无,无,2020-01-03 15:05,iPhone客户端,1,0,0
InL8Y7uPJ,做了人类想成仙，生在地上要上天。  ,无,无,无,2020-01-03 12:38,iPhone客户端,3,0,0
InrUJ02zK,小目标，2020两万字。  [组图共2张] 原图 ,"http://ww1.sinaimg.cn/large/006AKQqaly1gagwthdiigj31210rjjzc.jpg,http://ww1.sinaimg.cn/large/006AKQqaly1gagwth66m6j30u012tdho.jpg",无,无,2020-01-01 11:41,iPhone客户端,6,0,3
Innla6oCC,毕业顺利，都顺利。  ,无,无,无,2020-01-01 00:02,微博 HTML5 版,4,0,0
Inj5hBmbn,三十晚上的花炮再响，也没我想你那么想。  ,无,无,无,2019-12-31 13:12,iPhone客户端,3,0,0
InaWCymiI,我眼中的自由只是被限定的“放风时间”。  ,无,无,无,2019-12-30 16:29,iPhone客户端,2,0,0
In3mnxeT8,这孤独感。  ,无,无,无,2019-12-29 21:10,微博 HTML5 版,1,0,0
ImQIY0V4Z,没有斗志，只想狂吃。  ,无,无,无,2019-12-28 13:00,微博 HTML5 版,1,0,0
ImFp6npvQ,闭塞闭塞闭塞。  ,无,无,无,2019-12-27 08:11,Android,1,0,0
Imzfbpz7L,◎ 念念不忘，必有回响。  ,无,无,无,2019-12-26 16:30,iPhone客户端,1,0,0
Imx0ZAP3c,◎ 过春风十里，尽荞麦青青。  ,无,无,无,2019-12-26 10:49,iPhone客户端,3,0,0
ImmZl9MQb,◎ 他说你任何为人称道的美丽，不及他第一次遇见你闺蜜。  ,无,无,无,2019-12-25 09:18,iPhone客户端,1,0,0
Imhg2teDG,◎ 上次感到筋疲力尽是什么时候？  ,无,无,无,2019-12-24 18:43,iPhone客户端,1,0,3
Im9mebEem,◎ 人生苦短，想一直懒。  ,无,无,无,2019-12-23 22:36,iPhone客户端,5,0,4
Im9aajX4S,发生一件好事，发生两件坏事，发生四件坏事，发生一件好事。  ,无,无,无,2019-12-23 22:06,Android,1,0,0
Im4wBdDTl,我终于还是给steam掏钱了。  ,无,无,无,2019-12-23 10:18,iPhone客户端,3,0,2
IlLf4aliW,还是无水印。  [组图共4张] 原图 ,"http://ww2.sinaimg.cn/large/006AKQqaly1ga42q6gym5j30k00k0tae.jpg,http://ww1.sinaimg.cn/large/006AKQqaly1ga42q6nqcpj30k00k0dhx.jpg,http://ww4.sinaimg.cn/large/006AKQqaly1ga42q6xp3aj30k00jzgmo.jpg,http://ww2.sinaimg.cn/large/006AKQqaly1ga42q74a80j30f00f075k.jpg",无,无,2019-12-21 09:12,iPhone客户端,3,0,0
IlLeyyyAG,无水印。  [组图共6张] 原图 ,"http://ww1.sinaimg.cn/large/006AKQqaly1ga42oy5ph6j30k00k0q4l.jpg,http://ww2.sinaimg.cn/large/006AKQqaly1ga42oyikwmj30jg0jgq56.jpg,http://ww4.sinaimg.cn/large/006AKQqaly1ga42oyng0vj30k00k0q5v.jpg,http://ww1.sinaimg.cn/large/006AKQqaly1ga42oyt5jnj30k00jsabc.jpg,http://ww3.sinaimg.cn/large/006AKQqaly1ga42oyyrskj30k00k0ab0.jpg,http://ww1.sinaimg.cn/large/006AKQqaly1ga42oxzfb5j30k00k0jst.jpg",无,无,2019-12-21 09:11,iPhone客户端,2,0,0
IlCv7u2Kp,顺腾摸瓜。  ,无,无,无,2019-12-20 10:57,iPhone客户端,3,0,0
IlnbNBlVo,圣诞老人，我希望你能把期末考试的答案塞在我床头的袜子里。  ,无,无,无,2019-12-18 19:58,iPhone客户端,5,0,0
IljZ0Dw62,别和别人瞎聊天，真的会影响学习状态。  ,无,无,无,2019-12-18 11:49,Android,3,0,0
IliErgvFQ,当某一天发朋友圈超过2条，应该问自己一句，你是不是飘了？  ,无,无,无,2019-12-18 08:25,Android,3,0,0
IlclZFgYJ,懒之为乐，一如接吻，只有偷来的，才甘甜无比。  ,无,无,无,2019-12-17 16:23,iPhone客户端,1,0,0
Ilaw1fvls,恰到好处的焦虑太重要了。  ,无,无,无,2019-12-17 11:42,iPhone客户端,3,0,2
Il11ABmos,最近解锁了新的情绪，居然会觉得别人很烦？  ,无,无,无,2019-12-16 11:33,清晰拍畅快玩 魅蓝E3,3,0,0
IkMk59Gll,我太牛了，两杯啤酒就上头。  ,无,无,无,2019-12-14 22:07,清晰拍畅快玩 魅蓝E3,5,0,0
IkMdhd6hr,终于超过120了，纪念一下。  ,无,无,无,2019-12-14 21:50,清晰拍畅快玩 魅蓝E3,2,0,0
IkAE47lLn,分享图片  原图 ,http://wx2.sinaimg.cn/large/006AKQqaly1g9v68fisvmj30u00m8aca.jpg,无,无,2019-12-13 16:23,清晰拍畅快玩 魅蓝E3,4,0,0
IkA8bvVnU,边际效应递减。  ,无,无,无,2019-12-13 15:05,清晰拍畅快玩 魅蓝E3,2,0,0
IktNht9RK,找回了从17年到现在，在本子上，博客上，到处写的日记，整理时认识了一个愚蠢的沙雕。  ,无,无,无,2019-12-12 22:57,清晰拍畅快玩 魅蓝E3,2,0,3
Ikj42mGtp,分享图片  原图 ,http://wx1.sinaimg.cn/large/006AKQqaly1g9t0m8rjaij31qu16zqdk.jpg,无,无,2019-12-11 19:38,iPhone客户端,7,0,2
IkfPf438s,分享图片  原图 ,http://wx2.sinaimg.cn/large/006AKQqaly1g9smbiefkej31kw15tanv.jpg,无,无,2019-12-11 11:23,iPhone客户端,3,0,9
IkaaO6trS,消极就会完蛋。  ,无,无,无,2019-12-10 21:00,清晰拍畅快玩 魅蓝E3,6,0,0
